radius [r/R200c],M200c [Msun],z,Q_dm,S_dm,Q_gas,S_gas
"[0.05482391 0.06591284 0.07924466 0.09527304 0.11454338 0.13771144
 0.16556556 0.19905359 0.23931505 0.28771997 0.34591549 0.41588189
 0.5        0.60113222 0.72271989 0.86890041 1.04464807 1.25594322
 1.50997586 1.81539027 2.18257916 2.6240373  3.15478672 3.79288788
 4.5600542 ]","[0. 0. 0. 0. 0. 0. 0. 0. 0. 0. 0. 0. 0. 0. 0. 0. 0. 0. 0. 0. 0. 0. 0. 0.
 0.]","[0. 0. 0. 0. 0. 0. 0. 0. 0. 0. 0. 0. 0. 0. 0. 0. 0. 0. 0. 0. 0. 0. 0. 0.
 0.]","[[0.89401811 0.90733774 0.83597425 ... 0.46588142 0.68556034 0.82453371]
 [0.80950727 0.87505766 0.89149949 ... 0.4901304  0.56038008 0.72830158]
 [0.87706114 0.78171091 0.78792372 ... 0.9409681  0.61914263 0.78430752]
 ...
 [0.97460343 0.97819405 0.97753042 ... 0.52533366 0.81932529 0.31656333]
 [0.98790114 0.96975893 0.95592097 ... 0.67768237 0.88257078 0.72800219]
 [0.9488497  0.98354979 0.96946083 ... 0.96263007 0.90250464 0.8572759 ]]","[[0.8165974  0.73959948 0.7079784  ... 0.33387327 0.55097518 0.31516696]
 [0.78429939 0.81687234 0.81063835 ... 0.21275391 0.32066712 0.52922531]
 [0.84228582 0.72215324 0.70503966 ... 0.55111023 0.46605387 0.55359692]
 ...
 [0.91738256 0.92939169 0.92103932 ... 0.45470925 0.68974102 0.25290157]
 [0.87330717 0.85647074 0.85830971 ... 0.51852773 0.64433977 0.58063763]
 [0.87513371 0.86398355 0.84480187 ... 0.87055471 0.78076515 0.72615143]]","[[0.95796513 0.94995784 0.92688323 ... 0.62624555 0.85472199 0.69418194]
 [0.96223807 0.94780359 0.95299099 ... 0.5211944  0.67665377 0.92376718]
 [0.98525976 0.90876681 0.94298424 ... 0.84363269 0.81158442 0.88430774]
 ...
 [0.97009428 0.88900416 0.93397745 ... 0.79228698 0.89170898 0.63609251]
 [0.82050226 0.54265081 0.66451167 ... 0.73098588 0.78800805 0.84695255]
 [0.93262163 0.6984034  0.97837779 ... 0.99028219 0.8853605  0.88666381]]","[[0.92315166 0.87939179 0.87911829 ... 0.32245075 0.38475621 0.40064688]
 [0.92666698 0.92470431 0.94068092 ... 0.34083125 0.34006954 0.59633557]
 [0.96871691 0.90125799 0.91268812 ... 0.64342631 0.59710933 0.57870828]
 ...
 [0.85970046 0.77486032 0.92211461 ... 0.72289358 0.8222906  0.4817076 ]
 [0.45208387 0.20728445 0.38687659 ... 0.64899962 0.67890858 0.74858291]
 [0.77046394 0.64804249 0.8896982  ... 0.87469559 0.79421387 0.79734603]]"
"[0.05482391 0.06591284 0.07924466 0.09527304 0.11454338 0.13771144
 0.16556556 0.19905359 0.23931505 0.28771997 0.34591549 0.41588189
 0.5        0.60113222 0.72271989 0.86890041 1.04464807 1.25594322
 1.50997586 1.81539027 2.18257916 2.6240373  3.15478672 3.79288788
 4.5600542 ]","[0. 0. 0. 0. 0. 0. 0. 0. 0. 0. 0. 0. 0. 0. 0. 0. 0. 0. 0. 0. 0. 0. 0. 0.
 0.]","[0.5 0.5 0.5 0.5 0.5 0.5 0.5 0.5 0.5 0.5 0.5 0.5 0.5 0.5 0.5 0.5 0.5 0.5
 0.5 0.5 0.5 0.5 0.5 0.5 0.5]","[[0.62550346 0.55129751 0.61782153 ... 0.07519118 0.05969877 0.03798385]
 [0.93626182 0.26100861 0.23784417 ... 0.3275249  0.40567005 0.2911344 ]
 [0.7011344  0.31404264 0.32367003 ... 0.00986403 0.01174713 0.01856923]
 ...
 [0.42259488 0.42858876 0.42087817 ... 0.0316433  0.04758487 0.0457024 ]
 [0.31474581 0.26806894 0.38163086 ... 0.42231967 0.52720308 0.39149422]
 [0.35645369 0.38984981 0.67078912 ... 0.4560353  0.1913359  0.35901292]]","[[0.48800358 0.28993606 0.43017615 ... 0.00616924 0.01028499 0.01273975]
 [0.74655815 0.14449761 0.07230915 ... 0.22733776 0.27143502 0.20719454]
 [0.60921649 0.23239133 0.19932827 ... 0.0043382  0.00732709 0.00823605]
 ...
 [0.20113664 0.22485878 0.36904262 ... 0.018798   0.02456724 0.02807717]
 [0.13807827 0.1427093  0.19984624 ... 0.27033249 0.33898682 0.27238079]
 [0.26236127 0.37001553 0.43301586 ... 0.29926226 0.11853844 0.32372668]]","[[7.55328397e-01 8.48318642e-01 5.85941744e-01 ... 3.74494097e-02
  7.78859361e-02 9.54101452e-02]
 [7.95721601e-01 8.09393658e-01 8.39438330e-01 ... 4.51602623e-01
  4.06310175e-01 4.57345242e-01]
 [8.59895540e-01 8.27681174e-01 9.72148398e-01 ... 3.62086192e-01
  7.60917171e-01 3.72325315e-01]
 ...
 [2.47031210e-01 1.53803373e-08 3.38246482e-01 ... 4.82962621e-02
  7.95169743e-02 8.94815822e-02]
 [1.10490656e-01 3.19826154e-01 2.83103465e-01 ... 5.37127793e-01
  5.43293991e-01 2.58947480e-01]
 [2.11580089e-02            nan 4.57201511e-02 ... 4.67607547e-02
  5.71864880e-02 6.23445728e-02]]","[[7.33595803e-01 8.21570540e-01 2.20454609e-01 ... 2.74382611e-02
  6.05198113e-02 7.60664489e-02]
 [4.38497821e-01 4.89222814e-01 4.78614233e-01 ... 3.21242842e-01
  3.29812900e-01 3.59251830e-01]
 [7.79531697e-01 4.89952581e-01 5.46928914e-01 ... 3.05162795e-01
  6.14831085e-01 3.37823620e-01]
 ...
 [4.26755469e-02 5.63344907e-04 1.15016460e-01 ... 3.88894263e-02
  4.39836204e-02 5.97952631e-02]
 [4.78181917e-02 6.62639033e-02 1.04141095e-01 ... 3.34468103e-01
  4.21267917e-01 1.87075622e-01]
 [6.94537842e-04            nan 2.91944413e-02 ... 1.92814318e-02
  2.28068845e-02 3.34920096e-02]]"
"[0.05482391 0.06591284 0.07924466 0.09527304 0.11454338 0.13771144
 0.16556556 0.19905359 0.23931505 0.28771997 0.34591549 0.41588189
 0.5        0.60113222 0.72271989 0.86890041 1.04464807 1.25594322
 1.50997586 1.81539027 2.18257916 2.6240373  3.15478672 3.79288788
 4.5600542 ]","[0. 0. 0. 0. 0. 0. 0. 0. 0. 0. 0. 0. 0. 0. 0. 0. 0. 0. 0. 0. 0. 0. 0. 0.
 0.]","[1.03 1.03 1.03 1.03 1.03 1.03 1.03 1.03 1.03 1.03 1.03 1.03 1.03 1.03
 1.03 1.03 1.03 1.03 1.03 1.03 1.03 1.03 1.03 1.03 1.03]","[[0.79457107 0.94329084 0.33667537 ... 0.45363818 0.08989657 0.0121356 ]
 [0.68522076 0.33342436 0.61665637 ... 0.59017394 0.24777417 0.24866267]
 [0.91586053 0.94447639 0.77404824 ... 0.12265211 0.18469136 0.08736392]
 ...
 [0.45703237 0.82148904 0.69808232 ... 0.23924534 0.09014687 0.08390551]
 [0.29730111 0.39759661 0.47642914 ... 0.01890851 0.01745461 0.02491989]
 [0.38284258 0.35220791 0.40666964 ... 0.27042692 0.21413815 0.28316392]]","[[0.63873455 0.74321774 0.19051562 ... 0.33173622 0.05214154 0.00900179]
 [0.48859464 0.25754635 0.41310154 ... 0.48367155 0.13036332 0.16658425]
 [0.77706516 0.69945302 0.52569534 ... 0.07604618 0.10596701 0.04467864]
 ...
 [0.33404606 0.39745385 0.393714   ... 0.06894699 0.04651245 0.03631316]
 [0.17439006 0.24130105 0.29350913 ... 0.00644023 0.00934285 0.01267882]
 [0.17149232 0.16579517 0.22702506 ... 0.22240206 0.13102067 0.1530714 ]]","[[8.71935336e-01 9.23709745e-01 9.81325488e-01 ... 8.88005777e-02
  7.99118557e-02 1.07408626e-01]
 [8.29120247e-01 7.53769181e-01 6.74731845e-01 ... 5.59577423e-01
  2.64632658e-01 1.84373517e-01]
 [4.48011561e-01 6.22167439e-01 6.87164282e-01 ... 1.91560333e-01
  2.06183051e-01 1.16869229e-01]
 ...
 [4.44118116e-01 0.00000000e+00 1.14953852e-25 ... 4.93920788e-01
  3.76773692e-01 4.92613200e-01]
 [1.81257075e-01 2.41672450e-01 2.57531260e-01 ... 3.64140940e-01
  7.58314593e-01 5.32649833e-01]
 [5.64836646e-01 5.69614372e-01 3.64591842e-01 ... 9.88420144e-02
  7.63454939e-02 1.05732528e-01]]","[[8.02629100e-01 7.80769661e-01 8.86616746e-01 ... 6.79667924e-02
  4.14446725e-02 3.81786756e-02]
 [5.97905173e-01 4.18333382e-01 4.68801978e-01 ... 3.50452678e-01
  1.72364159e-01 1.23230840e-01]
 [3.91638573e-01 4.44688149e-01 4.38709521e-01 ... 1.63619211e-01
  1.34921821e-01 9.75624991e-02]
 ...
 [1.85504648e-03 0.00000000e+00 5.03127604e-04 ... 1.95321058e-01
  2.23759624e-01 1.35475414e-01]
 [3.46293499e-02 9.94733227e-02 7.20354289e-02 ... 2.18852305e-01
  3.31351775e-01 3.74868619e-01]
 [4.66628270e-01 1.03838466e-01 5.58132640e-02 ... 4.27061754e-02
  2.81401022e-02 4.24099616e-02]]"
"[0.05482391 0.06591284 0.07924466 0.09527304 0.11454338 0.13771144
 0.16556556 0.19905359 0.23931505 0.28771997 0.34591549 0.41588189
 0.5        0.60113222 0.72271989 0.86890041 1.04464807 1.25594322
 1.50997586 1.81539027 2.18257916 2.6240373  3.15478672 3.79288788
 4.5600542 ]","[0.1 0.1 0.1 0.1 0.1 0.1 0.1 0.1 0.1 0.1 0.1 0.1 0.1 0.1 0.1 0.1 0.1 0.1
 0.1 0.1 0.1 0.1 0.1 0.1 0.1]","[0. 0. 0. 0. 0. 0. 0. 0. 0. 0. 0. 0. 0. 0. 0. 0. 0. 0. 0. 0. 0. 0. 0. 0.
 0.]","[[0.87212033 0.80900487 0.634609   ... 0.8303908  0.63667928 0.6617483 ]
 [0.88298907 0.91203386 0.91916221 ... 0.57315434 0.76454729 0.52226099]
 [0.93242331 0.88207962 0.93104878 ... 0.47232163 0.66135235 0.90716808]
 ...
 [0.98074616 0.97680194 0.97680815 ... 0.53138564 0.49854817 0.44299835]
 [0.93201844 0.96520399 0.89703555 ... 0.62499417 0.54535259 0.38775548]
 [0.92753683 0.86218115 0.94920459 ... 0.67930462 0.2585346  0.43585469]]","[[0.79427718 0.77702923 0.60866034 ... 0.57515393 0.58725927 0.49173515]
 [0.79298872 0.80184769 0.77405925 ... 0.35196721 0.5186303  0.28567651]
 [0.89625836 0.85531357 0.85822887 ... 0.27514235 0.50858128 0.61248791]
 ...
 [0.96692064 0.90646019 0.93122459 ... 0.43237655 0.35811177 0.43256721]
 [0.90561095 0.90472943 0.87755048 ... 0.45066816 0.46343806 0.31491285]
 [0.91787926 0.82335024 0.859364   ... 0.62321673 0.21218306 0.30452836]]","[[0.99585737 0.98284003 0.96625369 ... 0.5489163  0.74203657 0.81175275]
 [0.9884108  0.94896006 0.99116245 ... 0.78965517 0.74852808 0.57588186]
 [0.94828466 0.96889192 0.9854708  ... 0.50836091 0.65437215 0.79529434]
 ...
 [0.66830258 0.681251   0.85807208 ... 0.63787737 0.56881706 0.57666076]
 [0.94401958 0.87176453 0.87782307 ... 0.53950827 0.84479895 0.53658291]
 [0.63406303 0.88632322 0.93636237 ... 0.89568347 0.64083485 0.52519052]]","[[0.97437902 0.95144372 0.93346545 ... 0.46001629 0.66729033 0.56706224]
 [0.94562696 0.90936251 0.91009083 ... 0.34235019 0.38645585 0.27783805]
 [0.91053054 0.95066237 0.92914339 ... 0.3448508  0.38533    0.57511679]
 ...
 [0.65914175 0.66518165 0.71524523 ... 0.6211152  0.52002771 0.52550663]
 [0.87870158 0.86680908 0.86204719 ... 0.47811545 0.62018038 0.3762545 ]
 [0.35418409 0.65650004 0.75862661 ... 0.67654277 0.4131266  0.33386884]]"
"[0.05482391 0.06591284 0.07924466 0.09527304 0.11454338 0.13771144
 0.16556556 0.19905359 0.23931505 0.28771997 0.34591549 0.41588189
 0.5        0.60113222 0.72271989 0.86890041 1.04464807 1.25594322
 1.50997586 1.81539027 2.18257916 2.6240373  3.15478672 3.79288788
 4.5600542 ]","[0.1 0.1 0.1 0.1 0.1 0.1 0.1 0.1 0.1 0.1 0.1 0.1 0.1 0.1 0.1 0.1 0.1 0.1
 0.1 0.1 0.1 0.1 0.1 0.1 0.1]","[0.5 0.5 0.5 0.5 0.5 0.5 0.5 0.5 0.5 0.5 0.5 0.5 0.5 0.5 0.5 0.5 0.5 0.5
 0.5 0.5 0.5 0.5 0.5 0.5 0.5]","[[0.81701241 0.74606414 0.52256135 ... 0.24118217 0.311434   0.25404338]
 [0.76331597 0.4830735  0.71105059 ... 0.36628971 0.09331412 0.19032221]
 [0.66402617 0.53641309 0.56914523 ... 0.47451618 0.77719256 0.52516274]
 ...
 [0.42276922 0.51941867 0.74215483 ... 0.67789769 0.3915578  0.27726408]
 [0.21847573 0.29134105 0.44774538 ... 0.34159397 0.22304529 0.19029587]
 [0.39069147 0.4222406  0.24889071 ... 0.51449248 0.40813725 0.06133013]]","[[0.55089798 0.2787129  0.30975581 ... 0.187283   0.17607612 0.12800612]
 [0.65273474 0.29659953 0.27129729 ... 0.27194267 0.04065714 0.15227091]
 [0.50687507 0.41420211 0.54909064 ... 0.25268818 0.47357692 0.26928664]
 ...
 [0.25914816 0.2690575  0.41017743 ... 0.33052156 0.17605785 0.17668597]
 [0.1449224  0.20028806 0.25628543 ... 0.12935479 0.06746201 0.07918374]
 [0.2335475  0.27691026 0.1484616  ... 0.26685431 0.35462437 0.02036864]]","[[9.15737560e-01 8.43745515e-01 8.91854221e-01 ... 1.15423250e-01
  6.11148350e-02 4.31196231e-02]
 [9.29470662e-01 6.63238581e-01 8.41817178e-01 ... 4.42760974e-01
  5.14193046e-01 2.53811593e-01]
 [8.36999881e-01 6.06721578e-01 7.18084949e-01 ... 9.64044992e-02
  1.29364434e-01 1.85844602e-01]
 ...
 [1.75729997e-01 3.13299050e-01 3.76655563e-01 ... 6.89506300e-01
  6.38550561e-01 6.78091501e-01]
 [1.48569645e-01 6.88534531e-01 2.87700112e-09 ... 5.74249722e-01
  5.95040609e-01 7.42884227e-01]
 [1.68553507e-01 7.84487334e-02 1.23902123e-01 ... 5.26934555e-01
  4.28270948e-01 6.83975845e-02]]","[[8.15794799e-01 5.22245493e-01 7.36340416e-01 ... 1.08055772e-01
  4.49039877e-02 3.03812027e-02]
 [8.46668316e-01 3.06218877e-01 5.08472110e-01 ... 3.31183106e-01
  2.89089422e-01 1.32781169e-01]
 [7.20905259e-01 5.33301762e-01 5.94657329e-01 ... 7.40993767e-02
  6.97661351e-02 5.95733911e-02]
 ...
 [3.82796631e-02 5.31921160e-02 7.95962066e-02 ... 3.83553555e-01
  5.47153455e-01 2.58958768e-01]
 [3.21001334e-02 7.73786256e-04 3.49498153e-04 ... 3.91178401e-01
  4.64810137e-01 5.45641174e-01]
 [7.78295533e-03 3.23392707e-02 3.42226528e-02 ... 2.75933802e-01
  3.05996040e-01 4.93535765e-02]]"
"[0.05482391 0.06591284 0.07924466 0.09527304 0.11454338 0.13771144
 0.16556556 0.19905359 0.23931505 0.28771997 0.34591549 0.41588189
 0.5        0.60113222 0.72271989 0.86890041 1.04464807 1.25594322
 1.50997586 1.81539027 2.18257916 2.6240373  3.15478672 3.79288788
 4.5600542 ]","[0.1 0.1 0.1 0.1 0.1 0.1 0.1 0.1 0.1 0.1 0.1 0.1 0.1 0.1 0.1 0.1 0.1 0.1
 0.1 0.1 0.1 0.1 0.1 0.1 0.1]","[1.03 1.03 1.03 1.03 1.03 1.03 1.03 1.03 1.03 1.03 1.03 1.03 1.03 1.03
 1.03 1.03 1.03 1.03 1.03 1.03 1.03 1.03 1.03 1.03 1.03]","[[0.77547542 0.6785647  0.70977644 ... 0.05727131 0.05771167 0.08106629]
 [0.59833733 0.44789942 0.49208113 ... 0.7384609  0.56352086 0.00442645]
 [0.69569686 0.58507312 0.51501351 ... 0.52016042 0.20315366 0.15534905]
 ...
 [0.35419915 0.40450732 0.47832106 ... 0.11452409 0.13919832 0.26505467]
 [0.5795913  0.59566705 0.6913723  ... 0.25020366 0.03483363 0.02508854]
 [0.2536011  0.40729557 0.40650082 ... 0.64478782 0.06800442 0.02282753]]","[[0.60772422 0.35300264 0.58629703 ... 0.04055043 0.04024292 0.05893348]
 [0.41638782 0.29163822 0.23084391 ... 0.21793351 0.33624357 0.00286009]
 [0.39978763 0.42178462 0.37554944 ... 0.2646688  0.07828257 0.08959982]
 ...
 [0.1736564  0.21375997 0.28696438 ... 0.08978702 0.07244939 0.14737592]
 [0.32464776 0.33936357 0.41014183 ... 0.17589471 0.00949593 0.01505295]
 [0.16045557 0.25808183 0.2939956  ... 0.45965417 0.05216054 0.0026723 ]]","[[0.83316299 0.78049019 0.74768246 ... 0.0689747  0.09348284 0.10009777]
 [0.78086744 0.44448766 0.33709203 ... 0.64225246 0.45252196 0.23316086]
 [0.45427803 0.53191265 0.57512908 ... 0.54963801 0.51012622 0.21372208]
 ...
 [0.14187527 0.38620444 0.37217208 ... 0.33550286 0.18134209 0.53392371]
 [0.34306257 0.14635984 0.27510522 ... 0.24111335 0.24740616 0.4239558 ]
 [0.31959232 0.337013   0.16818494 ... 0.63300749 0.15795066 0.09669076]]","[[0.60175904 0.3810885  0.56466642 ... 0.0647633  0.04682166 0.04899058]
 [0.71005956 0.29990925 0.18888075 ... 0.30976745 0.14967205 0.031183  ]
 [0.27270126 0.29961587 0.37576909 ... 0.25489251 0.19257221 0.03640647]
 ...
 [0.08495992 0.08074083 0.17565774 ... 0.26257606 0.11395388 0.27212724]
 [0.1740323  0.05986576 0.16615289 ... 0.12613594 0.18269396 0.30292396]
 [0.03055336 0.05972401 0.03302551 ... 0.29658757 0.03418839 0.00151058]]"
"[0.05482391 0.06591284 0.07924466 0.09527304 0.11454338 0.13771144
 0.16556556 0.19905359 0.23931505 0.28771997 0.34591549 0.41588189
 0.5        0.60113222 0.72271989 0.86890041 1.04464807 1.25594322
 1.50997586 1.81539027 2.18257916 2.6240373  3.15478672 3.79288788
 4.5600542 ]","[0.2 0.2 0.2 0.2 0.2 0.2 0.2 0.2 0.2 0.2 0.2 0.2 0.2 0.2 0.2 0.2 0.2 0.2
 0.2 0.2 0.2 0.2 0.2 0.2 0.2]","[0. 0. 0. 0. 0. 0. 0. 0. 0. 0. 0. 0. 0. 0. 0. 0. 0. 0. 0. 0. 0. 0. 0. 0.
 0.]","[[0.9385325  0.9002109  0.88306638 ... 0.58148793 0.41543727 0.53078548]
 [0.96807401 0.90170032 0.91684364 ... 0.52436739 0.67942669 0.87330666]
 [0.87275424 0.87392178 0.86692431 ... 0.74934853 0.48536088 0.84217964]
 ...
 [0.89323651 0.89896766 0.94371715 ... 0.58796528 0.60231308 0.89826519]
 [0.90039734 0.86256866 0.88492122 ... 0.86572535 0.97763358 0.80065423]
 [0.86246751 0.82687882 0.83619376 ... 0.57443971 0.89027592 0.51848286]]","[[0.82845803 0.78277262 0.76275735 ... 0.28445825 0.29652468 0.31127617]
 [0.90513987 0.87618202 0.81810655 ... 0.36150135 0.3311696  0.39339714]
 [0.80652101 0.78964231 0.82648185 ... 0.32626495 0.41230212 0.4377397 ]
 ...
 [0.82273583 0.84681385 0.86343661 ... 0.50252526 0.31808095 0.55370803]
 [0.88320935 0.81004382 0.80892495 ... 0.58145012 0.53639528 0.43598412]
 [0.79074163 0.79558861 0.78256391 ... 0.37836939 0.48148168 0.20253444]]","[[0.96556593 0.98588053 0.9924287  ... 0.54643613 0.48784849 0.56920836]
 [0.89703744 0.96607601 0.95235669 ... 0.52340991 0.73707002 0.73163133]
 [0.97448322 0.94172778 0.92373383 ... 0.59140499 0.76918595 0.72750087]
 ...
 [0.72579105 0.70575607 0.75107519 ... 0.77203527 0.74165185 0.84643092]
 [0.83689364 0.68161314 0.66510198 ... 0.82682725 0.76861262 0.71457934]
 [0.89120215 0.90553377 0.92039944 ... 0.81173525 0.89901816 0.81789323]]","[[0.95544455 0.94965877 0.94757209 ... 0.33071088 0.41952168 0.33072181]
 [0.82007253 0.93069635 0.94626701 ... 0.3658967  0.43606702 0.36424995]
 [0.94783115 0.92476114 0.90560322 ... 0.39468414 0.41633825 0.47803166]
 ...
 [0.60541656 0.66034962 0.66330085 ... 0.69950182 0.59563371 0.62508652]
 [0.80129095 0.62958776 0.59297504 ... 0.722665   0.64253192 0.50214402]
 [0.50977261 0.70621353 0.54170846 ... 0.61082871 0.51124295 0.27594622]]"
"[0.05482391 0.06591284 0.07924466 0.09527304 0.11454338 0.13771144
 0.16556556 0.19905359 0.23931505 0.28771997 0.34591549 0.41588189
 0.5        0.60113222 0.72271989 0.86890041 1.04464807 1.25594322
 1.50997586 1.81539027 2.18257916 2.6240373  3.15478672 3.79288788
 4.5600542 ]","[0.2 0.2 0.2 0.2 0.2 0.2 0.2 0.2 0.2 0.2 0.2 0.2 0.2 0.2 0.2 0.2 0.2 0.2
 0.2 0.2 0.2 0.2 0.2 0.2 0.2]","[0.5 0.5 0.5 0.5 0.5 0.5 0.5 0.5 0.5 0.5 0.5 0.5 0.5 0.5 0.5 0.5 0.5 0.5
 0.5 0.5 0.5 0.5 0.5 0.5 0.5]","[[0.55719124 0.68345125 0.68167756 ... 0.24944568 0.1601713  0.2267076 ]
 [0.73457751 0.89396383 0.47814208 ... 0.09931797 0.519013   0.6482033 ]
 [0.47535893 0.57706123 0.67311071 ... 0.10251154 0.1529428  0.44921777]
 ...
 [0.46581637 0.26915604 0.36554861 ... 0.02457454 0.03265096 0.05896798]
 [0.52167403 0.42567041 0.50018772 ... 0.14331774 0.10820361 0.00123983]
 [0.50073222 0.52957003 0.35476096 ... 0.23719665 0.04127423 0.18635046]]","[[4.81733013e-01 5.19555160e-01 3.82737066e-01 ... 1.71131931e-01
  1.31015608e-01 1.57287138e-01]
 [5.47383058e-01 6.28949477e-01 1.41450024e-01 ... 6.34025640e-02
  1.73346531e-01 4.07428545e-01]
 [3.33623038e-01 4.68474617e-01 5.44792590e-01 ... 5.46246109e-02
  8.33429252e-02 2.66752788e-01]
 ...
 [3.72429877e-01 1.44083803e-01 2.18239140e-01 ... 1.44742284e-02
  2.82911547e-02 2.56980974e-02]
 [2.67769348e-01 2.88553854e-01 3.04432865e-01 ... 1.28829455e-01
  9.01968643e-02 6.02581652e-06]
 [2.17548776e-01 2.35190964e-01 2.05082687e-01 ... 1.75264400e-01
  2.57463327e-02 9.69032727e-02]]","[[5.83481308e-01 6.62611399e-01 8.00263039e-01 ... 3.36381339e-01
  2.65948268e-01 3.05821787e-01]
 [8.59489215e-01 7.01702149e-01 8.28108296e-01 ... 4.36425522e-01
  3.48641174e-01 1.63581402e-02]
 [2.83821280e-01 3.62061893e-01 5.01169281e-01 ... 3.70285778e-01
  2.68383612e-01 4.08896681e-01]
 ...
 [2.39403503e-01 6.05134453e-02 1.88478295e-01 ... 3.82617684e-02
  8.25316729e-02 1.01093545e-01]
 [2.58189846e-09 1.62576414e-02 1.16672335e-01 ... 6.42355066e-02
  4.17944414e-03 1.72344080e-01]
 [3.14785409e-02 3.79597138e-01 1.78554365e-01 ... 3.16419426e-01
  2.56955901e-01 3.60045826e-01]]","[[4.26943382e-01 4.44715500e-01 4.46100227e-01 ... 1.86888354e-01
  1.78794377e-01 2.63559483e-01]
 [7.35534189e-01 5.08967695e-01 6.44925532e-01 ... 3.26758248e-01
  2.57037668e-01 4.75284626e-03]
 [1.45561052e-01 1.91203060e-01 2.93577327e-01 ... 8.21199281e-02
  8.32944222e-02 1.27161911e-01]
 ...
 [6.72457377e-03 2.42067592e-02 7.59905693e-02 ... 3.25466946e-02
  4.52014330e-02 6.08982146e-02]
 [1.21967127e-03 3.64548919e-03 1.97795892e-02 ... 1.93131992e-02
  1.88340944e-03 1.81300946e-02]
 [5.38645807e-04 9.03377572e-03 9.57820432e-03 ... 2.32443122e-01
  1.92023613e-01 2.43467418e-01]]"
"[0.05482391 0.06591284 0.07924466 0.09527304 0.11454338 0.13771144
 0.16556556 0.19905359 0.23931505 0.28771997 0.34591549 0.41588189
 0.5        0.60113222 0.72271989 0.86890041 1.04464807 1.25594322
 1.50997586 1.81539027 2.18257916 2.6240373  3.15478672 3.79288788
 4.5600542 ]","[0.2 0.2 0.2 0.2 0.2 0.2 0.2 0.2 0.2 0.2 0.2 0.2 0.2 0.2 0.2 0.2 0.2 0.2
 0.2 0.2 0.2 0.2 0.2 0.2 0.2]","[1.03 1.03 1.03 1.03 1.03 1.03 1.03 1.03 1.03 1.03 1.03 1.03 1.03 1.03
 1.03 1.03 1.03 1.03 1.03 1.03 1.03 1.03 1.03 1.03 1.03]","[[0.49284996 0.56644926 0.7844543  ... 0.10534959 0.08228713 0.1761892 ]
 [0.43925676 0.50137069 0.58253779 ... 0.12866651 0.10742268 0.10041225]
 [0.92458598 0.92676538 0.66974132 ... 0.25930947 0.11306261 0.03337882]
 ...
 [0.40939107 0.35531402 0.3551326  ... 0.33073119 0.1663066  0.2997568 ]
 [0.27390244 0.4005064  0.29805473 ... 0.30913234 0.00874369 0.01283388]
 [0.19665838 0.30534026 0.31467533 ... 0.22706624 0.10664321 0.01388802]]","[[0.33202775 0.43642017 0.46781721 ... 0.06852221 0.073243   0.06461385]
 [0.27135017 0.3248277  0.38306162 ... 0.06957424 0.06133736 0.04716216]
 [0.56038487 0.6269204  0.17240029 ... 0.13859922 0.07815736 0.01408365]
 ...
 [0.27111498 0.23361679 0.20985348 ... 0.15057435 0.08088707 0.16089618]
 [0.17508607 0.20900026 0.16707133 ... 0.12743535 0.00416427 0.0095471 ]
 [0.11091803 0.18170893 0.24848673 ... 0.09824865 0.02051258 0.00582446]]","[[0.75287726 0.76115006 0.37583655 ... 0.56184253 0.13835005 0.09687292]
 [0.16960896 0.26216151 0.28825794 ... 0.33139861 0.48213553 0.42949293]
 [0.60671642 0.80834996 0.19301178 ... 0.37601962 0.22942585 0.04130261]
 ...
 [0.1544765  0.20862711 0.38746925 ... 0.52294094 0.4704912  0.49471828]
 [0.22882094 0.14544573 0.27059095 ... 0.08774174 0.03090262 0.03232519]
 [0.38858915 0.66179134 0.2591907  ... 0.47342823 0.23501911 0.20588974]]","[[5.21765557e-01 4.89122732e-01 7.76340791e-02 ... 4.74910248e-01
  7.56996528e-02 8.02202403e-02]
 [6.49739912e-02 8.75758845e-02 9.60236653e-02 ... 8.68825847e-02
  1.11946553e-01 1.38567267e-01]
 [4.75787274e-01 4.93781576e-01 1.61376139e-01 ... 3.39961564e-01
  1.30944712e-01 2.26943717e-02]
 ...
 [2.59703018e-10 1.77913802e-03 8.28016394e-10 ... 2.14266331e-01
  2.40760781e-01 3.63265337e-01]
 [8.07236449e-02 6.60460505e-02 7.77765010e-02 ... 4.17653574e-02
  2.14445257e-02 2.40897341e-02]
 [3.68720040e-02 1.12903122e-01 5.67306670e-02 ... 2.65476544e-01
  1.46779689e-01 1.19408926e-01]]"
